{
	"apiUrl": "",
	"deployment": false,


	"dummy": {
		"alarmList": [
			{
				"id": "1",
				"code": "CODE1",
				"date": "2023-01-01 12:12:24",
				"manuals": [
					{
						"name": "조치매뉴얼1.pdf",
						"url": "http://localhost:3000/samples/sample.pdf"
					},
					{
						"name": "조치방법.jpg",
						"url": "http://localhost:3000/samples/sample.pdf"
					}
				],
				"action": "1) 화면을 킨다. <br/>2) 조치한다.",
				"people": [
					{
						"name": "아무개",
						"email": "abc@test.com",
						"phone": "010-1111-2222"
					},
					{
						"name": "아무개",
						"email": "abc@test.com",
						"phone": "010-1111-2222"
					}
				]
			},
			{
				"id": "2",
				"code": "CODE1",
				"date": "2023-01-01 12:12:24",
				"manuals": [
					{
						"name": "조치매뉴얼1.pdf",
						"url": "http://localhost:3000/samples/sample.pdf"
					},
					{
						"name": "조치방법.jpg",
						"url": "http://localhost:3000/samples/sample.pdf"
					}
				],
				"action": "1) 화면을 킨다. <br/>2) 조치한다.",
				"people": [
					{
						"name": "아무개",
						"email": "abc@test.com",
						"phone": "010-1111-2222"
					},
					{
						"name": "아무개",
						"email": "abc@test.com",
						"phone": "010-1111-2222"
					}
				]
			},
			{
				"id": "3",
				"code": "CODE1",
				"date": "2023-01-01 12:12:24",
				"manuals": [
					{
						"name": "조치매뉴얼1.pdf",
						"url": "http://localhost:3000/samples/sample.pdf"
					},
					{
						"name": "조치방법.jpg",
						"url": "http://localhost:3000/samples/sample.pdf"
					}
				],
				"action": "1) 화면을 킨다. <br/>2) 조치한다.",
				"people": [
					{
						"name": "아무개",
						"email": "abc@test.com",
						"phone": "010-1111-2222"
					},
					{
						"name": "아무개",
						"email": "abc@test.com",
						"phone": "010-1111-2222"
					}
				]
			}
		],
		"notiList": [
			{ 
				"id": "1", 
				"title": "입고 예정 물량이 있습니다.", 
				"date": "2025-01-14 12:23:52" ,
				"description": "설명입니다."
			},
			{ 
				"id": "2", 
				"title": "입고 예정 물량이 있습니다.", 
				"date": "2025-01-14 12:23:52" ,
				"description": "설명입니다."
			},
			{ 
				"id": "3", 
				"title": "입고 예정 물량이 있습니다.", 
				"date": "2025-01-14 12:23:52" ,
				"description": "설명입니다."
			},
			{ 
				"id": "4", 
				"title": "입고 예정 물량이 있습니다.", 
				"date": "2025-01-14 12:23:52" ,
				"description": "설명입니다."
			}
		],
		"currentShipList": [						
			{ "x": "2024.12.16. ~ 2024.12.20.", "y": 100 },
			{ "x": "2024.12.23. ~ 2024.12.27.", "y": 90 },
			{ "x": "2024.12.30. ~ 2025.01.03.", "y": 80 },
			{ "x": "2025.01.06. ~ 2025.01.10.", "y": 70 },
			{ "x": "2025.01.13. ~ 2025.01.17.", "y": 60 },
			{ "x": "2025.01.20. ~ 2025.01.24.", "y": 50 },
			{ "x": "2025.01.27. ~ 2025.01.31.", "y": 40 },
			{ "x": "2025.02.03. ~ 2025.02.07.", "y": 30 },
			{ "x": "2025.02.10. ~ 2025.02.14.", "y": 20 }
		]
	}
}